Sida;Originaltitel = demo efter;Demo före;Originalbeskrivning = demo efter;Canonical;Original H1;Demo H1
/;Kungsplan Trafikskola Karlskrona, ta körkort på vår körskola;Din trafikskola i Karlskrona | Kungsplan Trafikskola;På Kungsplan Trafikskola tar vi hänsyn till varje elevs unika behov. ✔️Ta ditt körkort på vår körskola i Karlskrona på 1-2 veckor med vår intensivkurs.;https://kungsplantrafikskola.se/;Välkommen till Kungsplans trafikskola;Vi utbildarframtidens förare.
/alkohol-drogpolicy/;Alkohol- & drogpolicy | Kungsplan Trafikskola;Alkohol- & drogpolicy | Kungsplan Trafikskola;Inom förarutbildningen utgör nykterhet och drogfrihet grundläggande pelare. Vårt åtagande på trafikskolan sträcker sig bortom att endast försäkra;https://kungsplantrafikskola.se/alkohol-drogpolicy/;;Trygghet börjar med ansvar.
/be-b96-bilslap/;BE/B96-bil+släp/handledarkurs körkort | Kungsplan Trafikskola;Bil + släp · BE / B96 | Kungsplan Trafikskola;Introduktionsutbildningen är en grundläggande kurs som handlar om att förbereda eleven & handledaren inför privat övningskörning. ✔️ 450 kr →;https://kungsplantrafikskola.se/be-b96-bilslap/;BE/B96-bil+släp Behörighet;Ta med dig lite mer.
/halkbanan/;Boka riskutbildning 2 Karlskrona på Kungsplan Trafikskola;Halkbanan · Riskutbildning del 2 | Kungsplan Trafikskola;Den här kursen fokuserar på att ge elever praktisk erfarenhet av olika riskfyllda situationer som kan uppstå när du kör bil. ✔️ Boka idag →;https://kungsplantrafikskola.se/halkbanan/;;Lär känna bilens gränser.
/intensivkurs-korkort/;Intensivkurs körkort Karlskrona | Kungsplan Trafikskola;Intensivkurs i Karlskrona | Kungsplan Trafikskola;För dig som behöver ta körkortet snabbt är vår intensivkurs ett bra alternativ. Ta ditt körkort på vår trafikskola i Karlskrona på bara 1-2 veckor!;https://kungsplantrafikskola.se/intensivkurs-korkort/;Intensivkurs körkort Karlskrona;Mer fokus. Närmare körkortet.
/introduktionsutbildning/;Introduktionsutbildning/handledarkurs körkort | Kungsplan Trafikskola;Introduktionsutbildning · Handledarkurs | Kungsplan Trafikskola;Introduktionsutbildningen är en grundläggande kurs som handlar om att förbereda eleven & handledaren inför privat övningskörning. ✔️ 450 kr →;https://kungsplantrafikskola.se/introduktionsutbildning/;Introduktionsutbildning;En trygg start. Tillsammans.
/kontakta-oss/;Kontakta oss | Kungsplan Trafikskola;Kontakta oss | Kungsplan Trafikskola;KONTAKTA OSS;https://kungsplantrafikskola.se/kontakta-oss/;;Vi finns här för dig.
/korkortsgaranti/;Körkortsgaranti | Ta ditt körkort med fastpris i Karlskrona;Personbil · B-körkort | Kungsplan Trafikskola;Du som elev kan välja körkortsgaranti hos oss, var kostnadsmedveten och ta ditt körkort med ett fast pris. ✔️ Enkelt, bekvämt och prisvärt! →;https://kungsplantrafikskola.se/korkortsgaranti/;Utbildning för personbil;Ditt körkort. I din takt.
/mopedkorkort/;Mopedkörkort Karlskrona –| Kungsplan Trafikskola;Moped & mopedbil · AM | Kungsplan Trafikskola;Få ditt mopedkörkort i Karlskrona för EU-moped klass 1. Kör från 14 år och 9 månader. Teori, praktik, synundersökning och prov ingår. Boka idag!;https://kungsplantrafikskola.se/mopedkorkort/;Mopedkörkort Karlskrona;Din första smak av frihet.
/om-oss/;Om oss | Kungsplan Trafikskola;Om Kungsplan Trafikskola | Kungsplan Trafikskola;Vi är en grupp dedikerade och erfarna körskollärare som är angelägna om att hjälpa våra elever att bli säkra och självsäkra förare. Med års erfarenhet av;https://kungsplantrafikskola.se/om-oss/;;Människorna bakom din körglädje.
/prislista/;Prislista | Kungsplan Trafikskola;Priser & paket | Kungsplan Trafikskola;Just nu: Kampanjpris på våra körkortspaket & körlektioner - ;https://kungsplantrafikskola.se/prislista/;;Din investering i frihet.
/riskettan/;Riskettan Karlskrona | Boka med Kungsplan Trafikskola;Riskutbildning · Del 1 | Kungsplan Trafikskola;Riskutbildning 1 - kvalitetsutbildning med Kungsplan Trafikskola. Erfarna lärare, praktiska insikter och kvalitet i fokus ✔️ Boka riskettan nu →;https://kungsplantrafikskola.se/riskettan/;;Förstå riskerna. Kör tryggare.
/startsida/;Startsida | Kungsplan Trafikskola;Din trafikskola i Karlskrona | Kungsplan Trafikskola;Kungsplan Trafikskola är en körskola som erbjuder gedigna utbildningar i Karlskrona – självklart till ett bra pris.;https://kungsplantrafikskola.se/startsida/;Välkommen till Kungsplans trafikskola;Vi utbildarframtidens förare.
/studenterbjudande-mecenat/;Studenterbjudande | Ta ditt körkort med 20% rabatt för studenter;Studenterbjudande | Kungsplan Trafikskola;Du som elev kan välja körkortsgaranti hos oss, var kostnadsmedveten och ta ditt körkort med ett fast pris. ✔️ Enkelt, bekvämt och prisvärt! →;https://kungsplantrafikskola.se/studenterbjudande-mecenat/;Ta körkortet billigare som student;Mer körkort. Mindre studentbudget.
/teorihjalp/;Teorihjälp körkort Karlskrona - Kungsplan Trafikskola;Teorihjälp | Kungsplan Trafikskola;Ta körkortet i Karlskrona med Kungsplan Trafikskola. Få effektiv teorihjälp och praktiska körlektioner med bil som tar dig i mål. ✔️ Boka idag →;https://kungsplantrafikskola.se/teorihjalp/;Kungsplan Trafikskola – Din bästa vän på vägen till körkortet / Teorihjälp körkort Karlskrona / Teoriundervisning med lärare;Teori som blir begriplig.
